<?xml version="1.0" encoding="UTF-8"?>
<project-private xmlns="http://www.netbeans.org/ns/project-private/1">
    <editor-bookmarks xmlns="http://www.netbeans.org/ns/editor-bookmarks/2" lastBookmarkId="0"/>
    <open-files xmlns="http://www.netbeans.org/ns/projectui-open-files/2">
        <group>
            <file>file:/C:/Users/Diogo%20Apóstolo/Downloads/Projetos%20(1)/Projetos/src/projetos/Projeto.java</file>
            <file>file:/C:/Users/Diogo%20Apóstolo/Downloads/Projetos%20(1)/Projetos/src/projetos/Local.java</file>
            <file>file:/C:/Users/Diogo%20Apóstolo/Downloads/Projetos%20(1)/Projetos/src/projetos/Diversão.java</file>
            <file>file:/C:/Users/Diogo%20Apóstolo/Downloads/Projetos%20(1)/Projetos/src/projetos/Licenciatura.java</file>
            <file>file:/C:/Users/Diogo%20Apóstolo/Downloads/Projetos%20(1)/Projetos/src/projetos/Tematico.java</file>
            <file>file:/C:/Users/Diogo%20Apóstolo/Downloads/Projetos%20(1)/Projetos/src/projetos/Bar.java</file>
            <file>file:/C:/Users/Diogo%20Apóstolo/Downloads/Projetos%20(1)/Projetos/src/projetos/Horário.java</file>
            <file>file:/C:/Users/Diogo%20Apóstolo/Downloads/Projetos%20(1)/Projetos/src/projetos/Viagem.java</file>
            <file>file:/C:/Users/Diogo%20Apóstolo/Downloads/Projetos%20(1)/Projetos/src/projetos/Mestrado.java</file>
            <file>file:/C:/Users/Diogo%20Apóstolo/Downloads/Projetos%20(1)/Projetos/src/projetos/Aquatico.java</file>
            <file>file:/C:/Users/Diogo%20Apóstolo/Downloads/Projetos%20(1)/Projetos/src/projetos/Cultural.java</file>
            <file>file:/C:/Users/Diogo%20Apóstolo/Downloads/Projetos%20(1)/Projetos/src/projetos/Aluno.java</file>
            <file>file:/C:/Users/Diogo%20Apóstolo/Downloads/Projetos%20(1)/Projetos/src/projetos/teste/Prog.java</file>
            <file>file:/C:/Users/Diogo%20Apóstolo/Downloads/Projetos%20(1)/Projetos/src/projetos/Museu.java</file>
            <file>file:/C:/Users/Diogo%20Apóstolo/Downloads/Projetos%20(1)/Projetos/src/projetos/Parque.java</file>
            <file>file:/C:/Users/Diogo%20Apóstolo/Downloads/Projetos%20(1)/Projetos/src/projetos/PontoDeInteresse.java</file>
            <file>file:/C:/Users/Diogo%20Apóstolo/Downloads/Projetos%20(1)/Projetos/src/projetos/Universidade.java</file>
            <file>file:/C:/Users/Diogo%20Apóstolo/Downloads/Projetos%20(1)/Projetos/src/projetos/teste/Ponto.java</file>
            <file>file:/C:/Users/Diogo%20Apóstolo/Downloads/Projetos%20(1)/Projetos/src/projetos/teste/Origem.java</file>
        </group>
    </open-files>
</project-private>
